GEOID,population
060730001001,991.0
060730001002,1755.0
060730002011,1087.0
060730002012,1289.0
060730002021,1230.0
060730002022,866.0
060730002023,1200.0
060730002024,723.0
060730003011,784.0
060730003012,707.0
060730003013,996.0
060730003021,2097.0
060730003022,828.0
060730004001,755.0
060730004002,1104.0
060730004003,1056.0
060730004004,1164.0
060730005001,1013.0
060730005002,942.0
060730005003,873.0
060730006001,727.0
060730006002,1019.0
060730006003,1365.0
060730007001,1329.0
060730007002,2078.0
060730007003,964.0
060730008001,768.0
060730008002,507.0
060730008003,1616.0
060730008004,1266.0
060730008005,948.0
060730009011,2187.0
060730009012,985.0
060730009013,779.0
060730009021,959.0
060730009022,723.0
060730009023,979.0
060730010001,1002.0
060730010002,977.0
060730010003,1232.0
060730010004,1411.0
060730011001,1121.0
060730011002,1175.0
060730011003,643.0
060730012011,1570.0
060730012012,720.0
060730012021,1413.0
060730012022,1553.0
060730013011,950.0
060730013012,1763.0
060730013021,1332.0
060730013022,1161.0
060730013023,752.0
060730014001,552.0
060730014002,911.0
060730014003,1878.0
060730015001,718.0
060730015002,968.0
060730015003,983.0
060730015004,1265.0
060730016001,1034.0
060730016002,1719.0
060730016003,1062.0
060730016004,1250.0
060730017001,1304.0
060730017002,1588.0
060730017003,1673.0
060730017004,281.0
060730018011,402.0
060730018012,1403.0
060730018021,653.0
060730018022,714.0
060730018023,1054.0
060730018024,827.0
060730019001,904.0
060730019002,1791.0
060730019003,648.0
060730020011,1050.0
060730020012,1737.0
060730020013,779.0
060730020021,1020.0
060730020022,1606.0
060730021001,822.0
060730021002,1042.0
060730021003,1022.0
060730021004,1270.0
060730021005,1639.0
060730022011,1792.0
060730022012,1353.0
060730022021,1937.0
060730022022,1951.0
060730022023,937.0
060730023011,1570.0
060730023012,811.0
060730023013,809.0
060730023021,2620.0
060730023022,1774.0
060730023023,1488.0
060730024011,657.0
060730024012,1687.0
060730024013,1970.0
060730024021,1969.0
060730024022,1443.0
060730024023,1539.0
060730025011,1787.0
060730025012,1003.0
060730025013,2088.0
060730025021,3096.0
060730025022,1274.0
060730025023,1047.0
060730025024,1515.0
060730026011,1787.0
060730026012,1538.0
060730026013,341.0
060730026014,2328.0
060730026021,1781.0
060730026022,1084.0
060730026023,1790.0
060730027021,1294.0
060730027022,1567.0
060730027023,2698.0
060730027031,1382.0
060730027032,639.0
060730027033,1963.0
060730027034,3098.0
060730027051,2278.0
060730027052,2478.0
060730027071,1188.0
060730027072,1142.0
060730027073,1468.0
060730027074,1182.0
060730027081,1155.0
060730027082,153.0
060730027083,1733.0
060730027084,1748.0
060730027091,2538.0
060730027092,1262.0
060730027101,1284.0
060730027102,1541.0
060730027103,1096.0
060730027111,2308.0
060730027112,1464.0
060730027121,1324.0
060730027122,1549.0
060730027123,2693.0
060730028011,2460.0
060730028012,2017.0
060730028031,1607.0
060730028032,999.0
060730028033,870.0
060730028034,1731.0
060730028041,2132.0
060730028042,2411.0
060730028043,998.0
060730029021,3029.0
060730029022,1851.0
060730029023,1099.0
060730029031,1989.0
060730029032,1046.0
060730029033,1571.0
060730029041,2977.0
060730029042,1353.0
060730029043,1605.0
060730029044,797.0
060730029045,3080.0
060730029051,2671.0
060730029052,875.0
060730029053,1764.0
060730030011,1457.0
060730030012,924.0
060730030013,2103.0
060730030031,1792.0
060730030032,961.0
060730030033,1423.0
060730030034,750.0
060730030041,2973.0
060730030042,2287.0
060730031011,1296.0
060730031012,1377.0
060730031013,1240.0
060730031031,3090.0
060730031032,2031.0
060730031033,1341.0
060730031051,2116.0
060730031052,2227.0
060730031071,2811.0
060730031072,1827.0
060730031073,669.0
060730031081,2220.0
060730031082,1306.0
060730031091,1072.0
060730031092,935.0
060730031093,1312.0
060730031111,2218.0
060730031112,1566.0
060730031113,2427.0
060730031121,1384.0
060730031122,1446.0
060730031123,1108.0
060730031131,2518.0
060730031132,2201.0
060730031141,1128.0
060730031142,2354.0
060730031151,1338.0
060730031152,1455.0
060730031153,1187.0
060730031154,1633.0
060730032011,1954.0
060730032012,1811.0
060730032013,1096.0
060730032014,627.0
060730032021,2077.0
060730032022,2814.0
060730032041,2328.0
060730032042,1277.0
060730032071,2078.0
060730032072,2476.0
060730032073,1214.0
060730032081,728.0
060730032082,1463.0
060730032083,1304.0
060730032084,738.0
060730032085,2516.0
060730032091,2038.0
060730032092,1962.0
060730032093,1277.0
060730032111,2039.0
060730032112,1038.0
060730032121,1475.0
060730032122,2455.0
060730032131,2011.0
060730032132,1814.0
060730032141,1865.0
060730032142,1628.0
060730032143,1094.0
060730033011,1715.0
060730033012,1623.0
060730033031,1303.0
060730033032,2666.0
060730033041,1290.0
060730033042,1874.0
060730033051,1624.0
060730033052,1922.0
060730033053,2975.0
060730034011,1475.0
060730034012,1372.0
060730034013,254.0
060730034014,2693.0
060730034031,981.0
060730034032,2090.0
060730034033,610.0
060730034041,1260.0
060730034042,1646.0
060730034043,1689.0
060730035011,1742.0
060730035012,458.0
060730035013,1391.0
060730035021,650.0
060730035022,2206.0
060730035023,1799.0
060730036011,2001.0
060730036012,1459.0
060730036021,1480.0
060730036022,2239.0
060730036031,1351.0
060730036032,938.0
060730036033,887.0
060730038001,8774.0
060730039011,1319.0
060730039012,1223.0
060730039013,1839.0
060730039021,1115.0
060730039022,1449.0
060730039023,875.0
060730039024,818.0
060730040001,1228.0
060730040002,947.0
060730040003,794.0
060730040004,1182.0
060730041011,700.0
060730041012,1572.0
060730041013,1891.0
060730041021,2169.0
060730042001,2443.0
060730042002,1928.0
060730042003,768.0
060730042004,764.0
060730043001,793.0
060730043002,2162.0
060730043003,1384.0
060730044001,1467.0
060730044002,1103.0
060730044003,741.0
060730044004,786.0
060730045011,1603.0
060730045012,672.0
060730045013,575.0
060730046001,1539.0
060730046002,457.0
060730047001,551.0
060730047002,776.0
060730048001,845.0
060730048002,1567.0
060730048003,983.0
060730049001,907.0
060730049002,1420.0
060730049003,2839.0
060730050001,1897.0
060730051011,1767.0
060730051012,1851.0
060730051021,1376.0
060730051022,1536.0
060730051023,1761.0
060730051031,1302.0
060730051032,1743.0
060730052011,1937.0
060730052012,1270.0
060730052021,1527.0
060730052022,1170.0
060730052023,2411.0
060730053011,2384.0
060730053012,562.0
060730053013,367.0
060730053021,2668.0
060730053022,1448.0
060730054011,1259.0
060730054012,554.0
060730054021,1383.0
060730054022,1393.0
060730054023,1730.0
060730054031,952.0
060730054032,1455.0
060730055001,295.0
060730056011,1042.0
060730056012,1483.0
060730056021,641.0
060730056022,1476.0
060730057001,602.0
060730057002,1552.0
060730058011,690.0
060730058012,1013.0
060730058021,1468.0
060730058022,1362.0
060730059001,1331.0
060730059002,1060.0
060730059003,796.0
060730060001,853.0
060730060002,1631.0
060730060003,1947.0
060730061001,1973.0
060730061002,252.0
060730062001,31.0
060730063001,2490.0
060730065001,1199.0
060730065002,870.0
060730065003,1485.0
060730066001,1065.0
060730066002,936.0
060730068011,1557.0
060730068012,1742.0
060730068021,1665.0
060730068022,2219.0
060730068023,2133.0
060730069001,2865.0
060730069002,854.0
060730069003,2159.0
060730070021,1573.0
060730070022,1597.0
060730071001,1215.0
060730071002,2350.0
060730071003,731.0
060730072001,1908.0
060730072002,2079.0
060730072003,1822.0
060730073021,641.0
060730073022,1131.0
060730073023,969.0
060730073031,987.0
060730073032,725.0
060730073041,1598.0
060730073042,2022.0
060730074011,784.0
060730074012,986.0
060730074013,975.0
060730074021,1493.0
060730074022,1399.0
060730074023,914.0
060730075011,967.0
060730075012,501.0
060730075013,854.0
060730075014,1285.0
060730075015,553.0
060730075021,925.0
060730075022,993.0
060730075023,1092.0
060730076011,145.0
060730076012,761.0
060730076013,558.0
060730076014,286.0
060730076021,417.0
060730076022,424.0
060730076023,594.0
060730077011,1475.0
060730077012,1257.0
060730077013,874.0
060730077014,637.0
060730077021,650.0
060730077022,1213.0
060730077023,844.0
060730077024,481.0
060730078001,1919.0
060730078002,1015.0
060730078003,1748.0
060730078004,368.0
060730078005,889.0
060730079051,733.0
060730079052,1824.0
060730079071,1398.0
060730079072,1769.0
060730079081,496.0
060730079082,1196.0
060730079083,1593.0
060730079101,1657.0
060730079102,1175.0
060730079111,715.0
060730079112,1271.0
060730079113,361.0
060730079121,759.0
060730079122,1036.0
060730080021,1046.0
060730080022,926.0
060730080023,708.0
060730080031,1220.0
060730080032,1005.0
060730080033,1215.0
060730080061,642.0
060730080062,746.0
060730080063,735.0
060730080064,1006.0
060730080065,910.0
060730081011,475.0
060730081012,1024.0
060730081013,497.0
060730081014,571.0
060730081015,1129.0
060730081021,926.0
060730081022,919.0
060730081023,1522.0
060730082011,727.0
060730082012,1036.0
060730082021,546.0
060730082022,650.0
060730083011,934.0
060730083012,1629.0
060730083013,898.0
060730083031,995.0
060730083032,1466.0
060730083033,560.0
060730083051,5099.0
060730083052,2606.0
060730083061,306.0
060730083062,939.0
060730083063,1443.0
060730083071,1323.0
060730083072,2199.0
060730083073,826.0
060730083101,1790.0
060730083102,1603.0
060730083103,2857.0
060730083111,1497.0
060730083112,1227.0
060730083121,852.0
060730083122,1302.0
060730083123,684.0
060730083124,1003.0
060730083131,1135.0
060730083132,1079.0
060730083241,2209.0
060730083242,637.0
060730083243,1343.0
060730083244,752.0
060730083245,2234.0
060730083271,2088.0
060730083272,2678.0
060730083273,1272.0
060730083281,2450.0
060730083282,5316.0
060730083301,2222.0
060730083302,582.0
060730083303,2097.0
060730083311,2766.0
060730083361,831.0
060730083362,1255.0
060730083371,2346.0
060730083372,807.0
060730083373,1843.0
060730083391,1882.0
060730083431,2106.0
060730083432,1287.0
060730083433,772.0
060730083441,1961.0
060730083442,1499.0
060730083451,1207.0
060730083452,1125.0
060730083453,1872.0
060730083461,1258.0
060730083462,451.0
060730083463,2546.0
060730083471,1492.0
060730083472,819.0
060730083473,1195.0
060730083474,1249.0
060730083475,1949.0
060730083481,2387.0
060730083482,860.0
060730083483,1688.0
060730083491,1981.0
060730083492,1841.0
060730083501,2742.0
060730083502,838.0
060730083503,696.0
060730083504,2058.0
060730083511,839.0
060730083512,724.0
060730083513,1515.0
060730083514,1739.0
060730083521,1652.0
060730083522,1119.0
060730083523,1348.0
060730083531,949.0
060730083532,3245.0
060730083533,608.0
060730083551,859.0
060730083552,2234.0
060730083561,2153.0
060730083562,1797.0
060730083571,1157.0
060730083572,1235.0
060730083573,2216.0
060730083581,2660.0
060730083582,481.0
060730083583,1721.0
060730083584,1660.0
060730083591,2218.0
060730083592,2208.0
060730083601,2542.0
060730083602,2030.0
060730083603,2499.0
060730083611,1938.0
060730083612,782.0
060730083621,1368.0
060730083622,704.0
060730083623,1198.0
060730083631,937.0
060730083632,1860.0
060730083633,1046.0
060730083634,1530.0
060730083641,1048.0
060730083642,1556.0
060730083643,1345.0
060730083644,647.0
060730083651,1492.0
060730083652,1119.0
060730083661,2922.0
060730083662,2314.0
060730083663,1758.0
060730083671,2109.0
060730083672,1203.0
060730083681,1341.0
060730083682,813.0
060730083683,1466.0
060730083684,2844.0
060730083691,2789.0
060730083692,1810.0
060730083701,1936.0
060730083702,1854.0
060730083711,2474.0
060730083712,1531.0
060730083721,1915.0
060730083722,2050.0
060730083731,1340.0
060730083732,2106.0
060730083741,2224.0
060730083742,1946.0
060730083751,686.0
060730083752,1497.0
060730083753,2123.0
060730083761,1416.0
060730083762,1009.0
060730083763,3331.0
060730083764,579.0
060730083771,988.0
060730083772,939.0
060730083781,914.0
060730083782,0.0
060730083791,1225.0
060730083792,1376.0
060730083793,1434.0
060730083801,2569.0
060730083802,1750.0
060730083803,2193.0
060730083811,2561.0
060730083812,912.0
060730085011,1787.0
060730085012,1749.0
060730085013,1240.0
060730085014,1024.0
060730085021,2183.0
060730085022,815.0
060730085023,899.0
060730085024,1694.0
060730085025,1185.0
060730085031,1491.0
060730085032,2290.0
060730085033,2169.0
060730085034,1764.0
060730085041,730.0
060730085042,893.0
060730085043,939.0
060730085044,1086.0
060730085045,2248.0
060730085051,1401.0
060730085052,1012.0
060730085053,601.0
060730085054,976.0
060730085055,1416.0
060730085061,1103.0
060730085062,1175.0
060730085063,1806.0
060730085071,1442.0
060730085072,1447.0
060730085073,1164.0
060730085074,1066.0
060730085075,1075.0
060730085076,1058.0
060730085091,1952.0
060730085092,686.0
060730085093,382.0
060730085094,745.0
060730085095,1533.0
060730085096,1193.0
060730085101,947.0
060730085102,1588.0
060730085103,1654.0
060730085104,1543.0
060730085111,2925.0
060730085112,1082.0
060730085113,1355.0
060730085121,1051.0
060730085122,1118.0
060730085123,1874.0
060730085131,1981.0
060730085132,928.0
060730086001,2776.0
060730086002,1991.0
060730086003,1107.0
060730086004,599.0
060730087011,1640.0
060730087012,1680.0
060730087021,1890.0
060730087022,1719.0
060730087023,1611.0
060730088001,2691.0
060730088002,924.0
060730088003,1195.0
060730088004,1459.0
060730089011,1514.0
060730089012,907.0
060730089013,3183.0
060730089021,2221.0
060730089022,1264.0
060730090001,2749.0
060730090002,1288.0
060730091011,753.0
060730091012,2303.0
060730091013,1000.0
060730091014,1278.0
060730091021,1220.0
060730091022,2046.0
060730091023,657.0
060730091031,997.0
060730091032,818.0
060730091033,1366.0
060730091034,957.0
060730091041,1166.0
060730091042,1672.0
060730091071,1956.0
060730091072,876.0
060730091073,1432.0
060730091074,802.0
060730091081,1038.0
060730091082,1026.0
060730091091,3378.0
060730092011,2236.0
060730092012,983.0
060730092013,1147.0
060730092014,1373.0
060730092031,2085.0
060730092032,2217.0
060730092041,1082.0
060730092042,3051.0
060730093011,587.0
060730093012,1492.0
060730093013,2411.0
060730093014,814.0
060730093051,1047.0
060730093052,811.0
060730093053,1750.0
060730093054,977.0
060730093055,677.0
060730093061,2799.0
060730093062,697.0
060730093063,768.0
060730093064,1482.0
060730093071,1249.0
060730093072,1214.0
060730093073,1461.0
060730093074,404.0
060730093081,1789.0
060730093082,1022.0
060730093083,1413.0
060730094001,4529.0
060730095021,1915.0
060730095022,2218.0
060730095041,1584.0
060730095042,571.0
060730095043,2569.0
060730095044,1454.0
060730095051,1531.0
060730095052,1280.0
060730095053,1812.0
060730095054,1536.0
060730095061,2697.0
060730095062,1885.0
060730095071,2591.0
060730095072,539.0
060730095073,804.0
060730095091,931.0
060730095092,2831.0
060730095093,1982.0
060730095101,1565.0
060730095102,1664.0
060730095103,1523.0
060730095111,1116.0
060730095112,3167.0
060730096021,1028.0
060730096022,999.0
060730096023,836.0
060730096024,1220.0
060730096031,1542.0
060730096032,896.0
060730096033,1485.0
060730096034,2347.0
060730096041,552.0
060730096042,948.0
060730096043,1022.0
060730096044,690.0
060730097031,1431.0
060730097032,748.0
060730097033,1416.0
060730097041,2073.0
060730097042,1428.0
060730097043,877.0
060730097044,428.0
060730097045,1781.0
060730097051,671.0
060730097052,1593.0
060730097053,1436.0
060730097061,855.0
060730097062,1214.0
060730097063,1495.0
060730097064,544.0
060730097065,853.0
060730097066,1133.0
060730097067,1103.0
060730098011,924.0
060730098012,1949.0
060730098013,1515.0
060730098014,682.0
060730098021,1918.0
060730098022,761.0
060730098023,1562.0
060730098024,2046.0
060730098025,739.0
060730098041,2246.0
060730098042,911.0
060730098043,1036.0
060730098044,1599.0
060730098051,1273.0
060730098052,564.0
060730098053,1106.0
060730098054,1616.0
060730099011,1462.0
060730099021,0.0
060730100011,1045.0
060730100012,2903.0
060730100031,1299.0
060730100032,838.0
060730100033,1118.0
060730100034,1717.0
060730100041,1997.0
060730100042,3232.0
060730100051,1744.0
060730100052,1424.0
060730100053,2814.0
060730100054,461.0
060730100091,1418.0
060730100092,1948.0
060730100093,488.0
060730100094,1582.0
060730100101,1609.0
060730100102,1672.0
060730100103,1526.0
060730100111,1597.0
060730100112,2875.0
060730100121,1904.0
060730100122,1116.0
060730100123,1585.0
060730100131,1502.0
060730100132,797.0
060730100133,1506.0
060730100134,1040.0
060730100151,2602.0
060730100152,2044.0
060730100161,3217.0
060730100171,4366.0
060730100172,2215.0
060730100181,1631.0
060730100182,2067.0
060730100183,2997.0
060730100191,1892.0
060730100192,1676.0
060730101031,2059.0
060730101032,2351.0
060730101033,2182.0
060730101041,1198.0
060730101042,2005.0
060730101061,2381.0
060730101062,1432.0
060730101063,891.0
060730101071,1849.0
060730101072,1116.0
060730101073,1440.0
060730101074,1523.0
060730101091,2005.0
060730101092,2819.0
060730101101,1267.0
060730101102,1096.0
060730101103,1409.0
060730101104,2465.0
060730101105,1131.0
060730101111,1112.0
060730101112,2502.0
060730101121,2065.0
060730101122,1864.0
060730101123,1312.0
060730102011,2346.0
060730102012,738.0
060730102013,478.0
060730102021,962.0
060730102022,922.0
060730102023,1589.0
060730103001,407.0
060730103002,1622.0
060730103003,1712.0
060730103004,499.0
060730104011,2150.0
060730104021,1552.0
060730104022,1283.0
060730104023,2607.0
060730105011,1288.0
060730105021,1798.0
060730105022,472.0
060730105023,2276.0
060730105024,1196.0
060730106011,768.0
060730106012,1213.0
060730108001,1254.0
060730108002,1220.0
060730109001,845.0
060730109002,736.0
060730110001,1722.0
060730110002,1065.0
060730111001,2108.0
060730111002,874.0
060730111003,549.0
060730113001,2386.0
060730116011,1408.0
060730116012,1470.0
060730116013,2918.0
060730116021,2186.0
060730116022,1485.0
060730117001,2360.0
060730117002,1012.0
060730117003,2105.0
060730117004,1899.0
060730118011,1814.0
060730118012,801.0
060730118013,663.0
060730118021,2805.0
060730118022,1732.0
060730118023,1468.0
060730118024,1156.0
060730119021,1799.0
060730119022,2698.0
060730119023,843.0
060730119024,795.0
060730120021,938.0
060730120022,2381.0
060730120031,954.0
060730120032,1945.0
060730121011,2193.0
060730121021,1337.0
060730121022,1416.0
060730122001,866.0
060730122002,2489.0
060730123021,1533.0
060730123031,2552.0
060730123032,1295.0
060730123041,698.0
060730123042,3729.0
060730124011,582.0
060730124012,2569.0
060730124021,1737.0
060730124022,1506.0
060730124023,2205.0
060730125011,2089.0
060730125012,1891.0
060730125021,1913.0
060730125022,1454.0
060730125023,1463.0
060730126001,1222.0
060730126002,1305.0
060730126003,1065.0
060730126004,1108.0
060730127001,1655.0
060730127002,1760.0
060730127003,1467.0
060730128001,982.0
060730128002,1145.0
060730128003,1670.0
060730129001,1477.0
060730129002,743.0
060730129003,1521.0
060730130001,1756.0
060730130002,1173.0
060730130003,1472.0
060730130004,1125.0
060730131021,1565.0
060730131022,2153.0
060730131023,2542.0
060730131024,608.0
060730131031,965.0
060730131032,1520.0
060730131041,1906.0
060730131042,449.0
060730131043,2546.0
060730131044,817.0
060730132031,1801.0
060730132032,1606.0
060730132033,825.0
060730132034,903.0
060730132035,885.0
060730132041,1679.0
060730132042,884.0
060730132043,1959.0
060730132051,2182.0
060730132061,1401.0
060730132062,2397.0
060730132063,2201.0
060730133011,2762.0
060730133012,2098.0
060730133021,3527.0
060730133022,3502.0
060730133031,2505.0
060730133032,900.0
060730133033,1188.0
060730133061,1789.0
060730133062,2277.0
060730133071,1664.0
060730133072,2874.0
060730133081,2634.0
060730133082,1251.0
060730133091,1801.0
060730133092,1253.0
060730133093,977.0
060730133094,1667.0
060730133095,1513.0
060730133121,1661.0
060730133122,1133.0
060730133151,2717.0
060730133152,1176.0
060730133161,2578.0
060730133162,2356.0
060730133163,2117.0
060730133164,682.0
060730133171,7215.0
060730133172,4122.0
060730133173,5582.0
060730133181,1602.0
060730133182,1780.0
060730133183,2606.0
060730133184,1699.0
060730133191,2955.0
060730133192,5579.0
060730133201,2336.0
060730133202,2244.0
060730133203,2270.0
060730133211,1824.0
060730133212,2187.0
060730133213,1373.0
060730133214,2991.0
060730133221,2345.0
060730133222,959.0
060730133223,1290.0
060730133231,2588.0
060730133232,1950.0
060730133233,2634.0
060730133241,2349.0
060730133251,622.0
060730133252,2780.0
060730133253,2362.0
060730133261,2292.0
060730133262,1568.0
060730133271,2954.0
060730133272,1516.0
060730133273,1381.0
060730134011,2374.0
060730134012,2296.0
060730134091,1308.0
060730134092,2836.0
060730134093,1961.0
060730134111,1700.0
060730134112,1004.0
060730134113,1126.0
060730134114,1008.0
060730134121,2720.0
060730134122,1121.0
060730134123,1336.0
060730134141,3063.0
060730134142,1443.0
060730134143,1167.0
060730134144,1897.0
060730134151,1497.0
060730134161,2044.0
060730134162,2367.0
060730134171,2140.0
060730134181,1455.0
060730134182,2027.0
060730134183,851.0
060730134184,1541.0
060730134201,1336.0
060730134202,1866.0
060730134211,607.0
060730134212,2008.0
060730134213,1518.0
060730134221,1658.0
060730134222,918.0
060730134223,1637.0
060730134231,1461.0
060730134232,1854.0
060730134241,3089.0
060730134242,1361.0
060730134243,2197.0
060730134251,1987.0
060730135031,1458.0
060730135032,2286.0
060730135033,2248.0
060730135041,1021.0
060730135042,548.0
060730135043,2422.0
060730135051,3545.0
060730135052,1809.0
060730135053,594.0
060730135061,2397.0
060730135062,1077.0
060730135063,856.0
060730136011,554.0
060730136012,1811.0
060730136013,2140.0
060730136014,970.0
060730136041,578.0
060730136042,1619.0
060730136043,2392.0
060730136044,1508.0
060730136051,2845.0
060730136052,2072.0
060730136053,1369.0
060730136071,765.0
060730136072,1536.0
060730136081,2603.0
060730136082,1278.0
060730137011,1389.0
060730137012,1004.0
060730137021,2727.0
060730137022,1709.0
060730137023,981.0
060730138011,3077.0
060730138012,878.0
060730138013,1567.0
060730138021,1964.0
060730138022,1297.0
060730139031,1255.0
060730139032,2673.0
060730139051,2979.0
060730139052,1024.0
060730139053,745.0
060730139061,974.0
060730139062,2180.0
060730139063,1868.0
060730139071,1024.0
060730139072,2694.0
060730139081,1059.0
060730139082,3074.0
060730139091,2352.0
060730139092,2520.0
060730140011,1113.0
060730140012,674.0
060730140013,1951.0
060730140014,1326.0
060730140021,1533.0
060730140022,2599.0
060730141011,2463.0
060730141012,1587.0
060730141021,2184.0
060730141022,1184.0
060730142001,1966.0
060730142002,1226.0
060730142003,3159.0
060730142004,826.0
060730143001,2944.0
060730143002,1566.0
060730144001,2284.0
060730144002,2155.0
060730145001,1300.0
060730145002,1918.0
060730145003,801.0
060730146011,1970.0
060730146012,788.0
060730146013,2141.0
060730146021,1389.0
060730146022,1807.0
060730146023,2104.0
060730147011,1338.0
060730147012,749.0
060730147013,1611.0
060730147021,1239.0
060730147022,3012.0
060730148031,1582.0
060730148032,1694.0
060730148033,1188.0
060730148041,1211.0
060730148042,1170.0
060730148043,911.0
060730148044,989.0
060730148051,1363.0
060730148052,2061.0
060730148053,1746.0
060730148061,1869.0
060730148062,1297.0
060730149011,977.0
060730149012,2490.0
060730149013,1387.0
060730149021,811.0
060730149022,1357.0
060730149023,836.0
060730150011,2345.0
060730150012,1415.0
060730150013,706.0
060730150021,1952.0
060730150022,924.0
060730151001,1141.0
060730151002,1744.0
060730151003,1030.0
060730151004,1022.0
060730152001,861.0
060730152002,1099.0
060730152003,873.0
060730152004,1122.0
060730153011,1139.0
060730153012,2452.0
060730153021,1186.0
060730153022,1696.0
060730153023,1566.0
060730154031,1520.0
060730154032,1180.0
060730154051,1805.0
060730154052,2360.0
060730154053,1488.0
060730154061,2628.0
060730154071,2489.0
060730154072,1138.0
060730154081,1740.0
060730154082,2367.0
060730155011,1217.0
060730155012,1373.0
060730155013,1481.0
060730155014,1520.0
060730155021,1608.0
060730155022,1425.0
060730156011,2233.0
060730156012,1989.0
060730156013,1690.0
060730156021,1766.0
060730156022,990.0
060730157011,1356.0
060730157012,1109.0
060730157013,2614.0
060730157014,1283.0
060730157041,2561.0
060730157042,2169.0
060730157051,1889.0
060730157052,2381.0
060730157061,2551.0
060730158011,1378.0
060730158012,2279.0
060730158021,946.0
060730158022,1058.0
060730158023,1190.0
060730158024,1082.0
060730159011,2050.0
060730159012,1701.0
060730159021,552.0
060730159022,1732.0
060730159023,497.0
060730159024,2654.0
060730160001,823.0
060730160002,1542.0
060730161001,3596.0
060730161002,1375.0
060730161003,1441.0
060730162011,1662.0
060730162012,1425.0
060730162013,2357.0
060730162021,764.0
060730162022,3159.0
060730163011,1661.0
060730163012,1439.0
060730163013,1786.0
060730163021,1079.0
060730163022,2401.0
060730163023,2304.0
060730164011,983.0
060730164012,2233.0
060730164013,2194.0
060730164031,2698.0
060730164032,886.0
060730164033,1844.0
060730164041,1771.0
060730164042,2321.0
060730165021,873.0
060730165022,2329.0
060730165023,2363.0
060730165024,2469.0
060730165031,1943.0
060730165032,991.0
060730165041,2811.0
060730165042,612.0
060730165043,1316.0
060730165044,647.0
060730165045,1348.0
060730166061,1901.0
060730166062,1733.0
060730166071,1262.0
060730166072,2566.0
060730166073,1564.0
060730166074,1662.0
060730166081,2646.0
060730166091,2076.0
060730166092,853.0
060730166093,3006.0
060730166101,2195.0
060730166102,2365.0
060730166131,686.0
060730166132,1253.0
060730166141,1594.0
060730166142,2280.0
060730166151,1733.0
060730166152,2418.0
060730166161,1608.0
060730166162,2061.0
060730166171,1199.0
060730166172,1565.0
060730166173,941.0
060730166181,2085.0
060730166182,1507.0
060730166191,1369.0
060730166192,2338.0
060730166193,801.0
060730166201,2441.0
060730166211,2529.0
060730166212,1535.0
060730167031,2075.0
060730167032,911.0
060730167041,2702.0
060730167042,2729.0
060730167043,2118.0
060730167051,2011.0
060730167052,1095.0
060730167053,1787.0
060730167061,879.0
060730167062,1991.0
060730168041,2832.0
060730168042,2150.0
060730168043,2118.0
060730168044,1803.0
060730168061,1497.0
060730168062,846.0
060730168063,1829.0
060730168071,1356.0
060730168072,1782.0
060730168073,3273.0
060730168074,1810.0
060730168091,1736.0
060730168092,1816.0
060730168093,1987.0
060730168101,2980.0
060730168111,1644.0
060730168112,1450.0
060730168113,1676.0
060730168121,1765.0
060730168122,1028.0
060730168131,1007.0
060730168132,2280.0
060730169011,1965.0
060730169012,1083.0
060730169013,1815.0
060730169014,1340.0
060730169015,1024.0
060730169021,2395.0
060730170061,1556.0
060730170062,470.0
060730170063,1188.0
060730170091,1939.0
060730170092,2132.0
060730170101,1422.0
060730170102,1635.0
060730170141,1222.0
060730170142,1390.0
060730170181,1903.0
060730170182,2370.0
060730170201,1124.0
060730170202,1482.0
060730170203,1491.0
060730170211,1388.0
060730170212,1840.0
060730170221,410.0
060730170222,576.0
060730170223,1257.0
060730170224,1097.0
060730170225,1253.0
060730170226,952.0
060730170311,1150.0
060730170312,652.0
060730170313,1649.0
060730170331,1509.0
060730170332,1123.0
060730170333,3091.0
060730170341,2609.0
060730170342,780.0
060730170343,2386.0
060730170351,1188.0
060730170352,1218.0
060730170353,1000.0
060730170361,1157.0
060730170362,822.0
060730170363,1014.0
060730170371,1928.0
060730170372,698.0
060730170373,1462.0
060730170374,1312.0
060730170391,649.0
060730170392,1179.0
060730170393,2072.0
060730170394,1285.0
060730170395,1508.0
060730170401,1779.0
060730170402,1365.0
060730170403,1247.0
060730170411,1829.0
060730170412,1756.0
060730170413,731.0
060730170414,1381.0
060730170431,2041.0
060730170432,1825.0
060730170433,2097.0
060730170441,1749.0
060730170442,1320.0
060730170443,1179.0
060730170444,1336.0
060730170451,2276.0
060730170461,2911.0
060730170462,947.0
060730170471,1903.0
060730170472,1277.0
060730170473,1320.0
060730170481,1990.0
060730170482,1238.0
060730170483,1562.0
060730170484,1491.0
060730170491,1093.0
060730170492,1700.0
060730170501,1190.0
060730170502,1768.0
060730170511,1428.0
060730170512,1341.0
060730170513,2044.0
060730170521,1345.0
060730170522,1298.0
060730170523,800.0
060730170524,1478.0
060730170531,1337.0
060730170532,2350.0
060730170541,1719.0
060730170542,433.0
060730170543,1015.0
060730170544,2672.0
060730170551,1479.0
060730170552,1675.0
060730170553,1883.0
060730170561,2345.0
060730170562,1976.0
060730170571,661.0
060730170572,1343.0
060730170573,1827.0
060730170581,1507.0
060730170582,894.0
060730170583,1883.0
060730170591,2130.0
060730170592,1368.0
060730170601,1292.0
060730170602,1930.0
060730170611,1056.0
060730170612,2279.0
060730170621,1409.0
060730170622,2159.0
060730170623,1408.0
060730170631,1037.0
060730170632,1129.0
060730170633,2180.0
060730170641,3339.0
060730170642,3684.0
060730170643,1495.0
060730170651,3530.0
060730170652,6530.0
060730170661,2373.0
060730170662,3032.0
060730170671,1303.0
060730170672,1591.0
060730170681,1735.0
060730170682,3001.0
060730170691,2337.0
060730170701,1662.0
060730170702,2240.0
060730170703,1420.0
060730170711,2913.0
060730170712,2572.0
060730171041,2441.0
060730171042,1307.0
060730171061,1394.0
060730171062,1078.0
060730171063,1097.0
060730171064,762.0
060730171071,1958.0
060730171072,1188.0
060730171081,700.0
060730171082,1698.0
060730171083,1255.0
060730171084,683.0
060730171091,3168.0
060730171092,923.0
060730171093,793.0
060730171094,1516.0
060730171111,2219.0
060730171112,2102.0
060730171121,2268.0
060730171131,2559.0
060730171132,2985.0
060730172011,1373.0
060730172012,893.0
060730172021,890.0
060730172022,765.0
060730173031,1862.0
060730173032,1309.0
060730173033,411.0
060730173051,1514.0
060730173052,660.0
060730173053,1170.0
060730173061,1824.0
060730173062,740.0
060730173071,1235.0
060730173072,923.0
060730173081,1028.0
060730173082,1260.0
060730174031,1358.0
060730174032,1055.0
060730174033,749.0
060730174034,1177.0
060730174051,2088.0
060730174052,986.0
060730174053,1372.0
060730174061,1196.0
060730174062,1148.0
060730174063,585.0
060730174071,1967.0
060730174072,1315.0
060730174081,1406.0
060730174082,1124.0
060730175011,423.0
060730175012,912.0
060730175013,1415.0
060730175021,883.0
060730175022,1104.0
060730175023,1384.0
060730176011,1112.0
060730176012,1368.0
060730176013,1214.0
060730176014,1527.0
060730176031,1207.0
060730176032,1734.0
060730176051,1635.0
060730176052,2110.0
060730176061,1810.0
060730176062,1790.0
060730177011,648.0
060730177012,1550.0
060730177013,1783.0
060730177014,373.0
060730177015,1352.0
060730177021,1279.0
060730177022,1125.0
060730177023,860.0
060730178011,1594.0
060730178012,1058.0
060730178013,1804.0
060730178014,2739.0
060730178081,985.0
060730178082,2002.0
060730178083,1278.0
060730178084,1537.0
060730178091,2479.0
060730178101,1605.0
060730178102,1445.0
060730178103,1933.0
060730178111,1080.0
060730178112,1942.0
060730178113,1139.0
060730178114,991.0
060730178115,1438.0
060730178131,1634.0
060730178132,607.0
060730178133,2310.0
060730179011,2027.0
060730179012,948.0
060730179013,981.0
060730179021,1840.0
060730179022,1029.0
060730180001,565.0
060730180002,849.0
060730180003,1470.0
060730180004,567.0
060730181011,1475.0
060730181012,859.0
060730181013,1082.0
060730181021,1014.0
060730181022,704.0
060730181023,807.0
060730182011,1362.0
060730182012,1662.0
060730182021,1413.0
060730182022,1152.0
060730182023,955.0
060730183011,500.0
060730183012,389.0
060730183021,633.0
060730183022,630.0
060730184001,1046.0
060730184002,1042.0
060730184003,1409.0
060730185041,576.0
060730185042,1917.0
060730185043,1531.0
060730185044,1731.0
060730185045,1020.0
060730185091,1887.0
060730185092,1559.0
060730185093,930.0
060730185094,866.0
060730185101,1292.0
060730185102,1441.0
060730185111,1142.0
060730185112,512.0
060730185113,580.0
060730185114,2160.0
060730185121,1567.0
060730185122,1207.0
060730185123,811.0
060730185151,953.0
060730185152,2680.0
060730185153,1513.0
060730185161,2753.0
060730185162,1204.0
060730185171,1534.0
060730185172,1032.0
060730185173,1448.0
060730185181,1429.0
060730185182,1886.0
060730185191,1650.0
060730185192,1802.0
060730185193,680.0
060730185194,1869.0
060730185201,1770.0
060730185202,1701.0
060730185203,1923.0
060730185211,1797.0
060730185212,3630.0
060730185221,2468.0
060730185222,1301.0
060730185223,1267.0
060730185231,2311.0
060730185232,1191.0
060730185233,1369.0
060730185241,1961.0
060730185242,1699.0
060730185251,2766.0
060730185252,1237.0
060730186011,1329.0
060730186012,1530.0
060730186013,1789.0
060730186081,2219.0
060730186082,1108.0
060730186091,2364.0
060730186092,2005.0
060730186093,2005.0
060730186121,3252.0
060730186122,1795.0
060730186131,666.0
060730186132,2224.0
060730186133,911.0
060730186151,2097.0
060730186152,651.0
060730186153,443.0
060730186161,1011.0
060730186162,1135.0
060730186163,1187.0
060730186171,2539.0
060730186172,796.0
060730186181,1047.0
060730186182,1534.0
060730186183,1401.0
060730186191,1053.0
060730186192,390.0
060730186193,2079.0
060730186194,1419.0
060730186201,1162.0
060730186202,933.0
060730186211,1979.0
060730186221,1354.0
060730186222,2782.0
060730186223,872.0
060730187001,40481.0
060730188011,2047.0
060730188012,1407.0
060730188031,412.0
060730188032,1115.0
060730188033,1561.0
060730188034,1609.0
060730188041,1138.0
060730188042,2349.0
060730188043,1441.0
060730188051,1965.0
060730188052,2012.0
060730189031,1539.0
060730189032,685.0
060730189033,2648.0
060730189034,947.0
060730189041,1250.0
060730189042,1194.0
060730189043,1462.0
060730189044,2629.0
060730189051,1854.0
060730189052,1614.0
060730189053,1617.0
060730189054,1010.0
060730189061,2829.0
060730189062,950.0
060730189063,2584.0
060730190011,958.0
060730190012,1718.0
060730190013,2203.0
060730190014,1618.0
060730190021,3818.0
060730191031,621.0
060730191032,2544.0
060730191033,1820.0
060730191034,944.0
060730191051,1063.0
060730191052,2232.0
060730191053,1572.0
060730191054,1710.0
060730191071,3018.0
060730191081,992.0
060730191082,1352.0
060730191091,2146.0
060730191092,587.0
060730191093,1567.0
060730191101,1318.0
060730191102,1949.0
060730191103,1841.0
060730191111,2041.0
060730191112,1029.0
060730191113,1434.0
060730192031,636.0
060730192032,2157.0
060730192051,1248.0
060730192052,1885.0
060730192053,2038.0
060730192054,901.0
060730192061,2010.0
060730192062,2221.0
060730192063,1634.0
060730192081,1366.0
060730192082,2316.0
060730192091,1313.0
060730192092,1586.0
060730192101,3233.0
060730192102,2404.0
060730192103,681.0
060730193011,922.0
060730193012,3168.0
060730193013,2269.0
060730193031,2278.0
060730193032,3628.0
060730193033,2605.0
060730193041,1028.0
060730193042,2300.0
060730193051,2606.0
060730193052,1404.0
060730194031,3888.0
060730194032,1599.0
060730194041,1679.0
060730194042,1553.0
060730194051,1092.0
060730194052,1015.0
060730194053,1862.0
060730194061,965.0
060730194062,2503.0
060730194063,1292.0
060730195011,1339.0
060730195012,2108.0
060730195021,2063.0
060730195022,2261.0
060730195023,1408.0
060730195031,1808.0
060730195032,928.0
060730195033,2427.0
060730196011,1585.0
060730196012,1648.0
060730196013,2523.0
060730196014,1131.0
060730196021,997.0
060730196022,1864.0
060730196023,3021.0
060730197011,6262.0
060730197012,1112.0
060730197021,1077.0
060730197022,1568.0
060730197023,729.0
060730197024,1541.0
060730198031,3182.0
060730198032,1373.0
060730198033,1113.0
060730198041,1936.0
060730198042,904.0
060730198043,1593.0
060730198051,3241.0
060730198052,870.0
060730198081,1038.0
060730198082,1812.0
060730198083,1817.0
060730198091,1944.0
060730198092,1001.0
060730198093,1344.0
060730198101,4988.0
060730198102,1637.0
060730198111,1175.0
060730198112,520.0
060730198113,2050.0
060730198114,2232.0
060730199021,2445.0
060730199022,1789.0
060730199031,1973.0
060730199032,2806.0
060730199041,1835.0
060730199042,928.0
060730199043,2336.0
060730199044,769.0
060730199051,1394.0
060730199052,1237.0
060730199053,2871.0
060730200151,3109.0
060730200152,1266.0
060730200153,1443.0
060730200171,1199.0
060730200172,974.0
060730200173,998.0
060730200191,2200.0
060730200192,1834.0
060730200193,3262.0
060730200211,1093.0
060730200212,1288.0
060730200213,764.0
060730200214,2142.0
060730200231,2806.0
060730200232,1249.0
060730200241,2131.0
060730200242,1113.0
060730200243,959.0
060730200251,1548.0
060730200252,1671.0
060730200253,2138.0
060730200261,773.0
060730200262,2143.0
060730200263,1318.0
060730200281,1691.0
060730200282,1467.0
060730200283,523.0
060730200291,1998.0
060730200292,2536.0
060730200293,1244.0
060730200294,1119.0
060730200301,2259.0
060730200302,3719.0
060730200303,2524.0
060730200311,2719.0
060730200312,3102.0
060730200313,754.0
060730200321,1820.0
060730200322,1493.0
060730200331,1598.0
060730200332,2036.0
060730200333,625.0
060730200341,2560.0
060730200351,1697.0
060730200352,1007.0
060730200353,620.0
060730200354,1171.0
060730200355,1751.0
060730200361,1478.0
060730200362,2171.0
060730200371,1563.0
060730200372,2779.0
060730200381,2517.0
060730200382,2715.0
060730200391,2038.0
060730200401,2647.0
060730200402,1448.0
060730200411,970.0
060730200412,1743.0
060730200421,2791.0
060730200422,1661.0
060730200431,3217.0
060730200432,2251.0
060730200441,994.0
060730200442,722.0
060730200443,3984.0
060730200444,3667.0
060730201051,1463.0
060730201052,1507.0
060730201053,1412.0
060730201061,1993.0
060730201062,1737.0
060730201071,3011.0
060730201072,1761.0
060730201081,1565.0
060730201082,1097.0
060730201083,1456.0
060730201084,587.0
060730201091,370.0
060730201092,1696.0
060730201093,1312.0
060730201094,1626.0
060730201101,3240.0
060730201102,4579.0
060730201103,1081.0
060730201111,1983.0
060730201112,1271.0
060730201113,604.0
060730202021,2472.0
060730202022,1380.0
060730202023,2135.0
060730202024,805.0
060730202061,1494.0
060730202062,1946.0
060730202063,1698.0
060730202071,2367.0
060730202072,2573.0
060730202081,3567.0
060730202091,1839.0
060730202092,2171.0
060730202093,705.0
060730202101,1774.0
060730202102,2639.0
060730202111,590.0
060730202112,1825.0
060730202113,2098.0
060730202114,1308.0
060730202131,1532.0
060730202132,1303.0
060730202133,1127.0
060730202141,2344.0
060730202142,688.0
060730202143,567.0
060730202144,1256.0
060730203041,2473.0
060730203042,791.0
060730203043,1800.0
060730203044,1416.0
060730203051,3126.0
060730203052,1445.0
060730203053,1241.0
060730203081,901.0
060730203082,1196.0
060730203083,4415.0
060730203091,2484.0
060730203092,1944.0
060730203101,6021.0
060730203102,696.0
060730203103,2419.0
060730203111,1822.0
060730203112,2019.0
060730203121,2420.0
060730203122,1760.0
060730203131,1357.0
060730203132,1218.0
060730204011,882.0
060730204012,1454.0
060730204031,1820.0
060730204032,1908.0
060730204041,1545.0
060730204042,2338.0
060730204043,1629.0
060730204051,1446.0
060730204052,1976.0
060730205001,1197.0
060730205002,1514.0
060730205003,1746.0
060730206011,1800.0
060730206012,1413.0
060730206013,2787.0
060730206021,1506.0
060730206022,1982.0
060730206023,1348.0
060730206024,1536.0
060730207051,1355.0
060730207052,1155.0
060730207053,2358.0
060730207061,971.0
060730207062,1564.0
060730207063,1109.0
060730207064,2441.0
060730207071,2238.0
060730207072,1245.0
060730207073,1705.0
060730207081,2643.0
060730207082,1112.0
060730207101,1763.0
060730207111,2509.0
060730207112,1117.0
060730207121,1132.0
060730207122,1443.0
060730207123,1602.0
060730208011,816.0
060730208012,2536.0
060730208013,1906.0
060730208051,1374.0
060730208052,1984.0
060730208061,2357.0
060730208062,1212.0
060730208063,1520.0
060730208064,547.0
060730208071,2690.0
060730208072,544.0
060730208101,1552.0
060730208102,337.0
060730208103,1949.0
060730208104,1192.0
060730208111,2148.0
060730208112,1866.0
060730208113,1920.0
060730208121,2217.0
060730208131,1236.0
060730208132,2671.0
060730208133,2202.0
060730209021,695.0
060730209022,1587.0
060730209031,880.0
060730209032,962.0
060730209033,1224.0
060730209041,745.0
060730209042,896.0
060730209043,362.0
060730209044,559.0
060730210011,509.0
060730210012,643.0
060730210013,720.0
060730210021,798.0
060730210022,851.0
060730211011,824.0
060730211012,2663.0
060730211013,1165.0
060730211021,1714.0
060730211022,1252.0
060730212021,1897.0
060730212022,1417.0
060730212041,2855.0
060730212042,3086.0
060730212051,1895.0
060730212052,2379.0
060730212053,2894.0
060730212061,2248.0
060730212062,1110.0
060730213021,3380.0
060730213022,2461.0
060730213023,894.0
060730213041,1849.0
060730213042,1366.0
060730213051,1995.0
060730213052,1941.0
060730213061,2290.0
060730213062,1725.0
060730213063,1054.0
060730214011,1518.0
060730214012,1927.0
060730214013,797.0
060730214021,2074.0
060730214022,982.0
060730215011,1739.0
060730215012,805.0
060730215013,1348.0
060730215021,5103.0
060730215022,2530.0
060730215023,1409.0
060730216001,1811.0
060730216002,1111.0
060730218001,991.0
060730218002,996.0
060730219001,1998.0
060730219002,1091.0
060730220001,1889.0
060730220002,2468.0
060730221011,1901.0
060730221012,378.0
060730221021,1794.0
060730221022,1682.0
060730221023,2231.0
060730221024,1615.0
060739901000,0.0
